nombre_artista,biografia,listeners,playcount,artistas_similares
Madonna,"Madonna Louise Veronica Ciccone (Bay City, Míchigan, Estados Unidos; 16 de agosto de 1958) es una cantante, compositora y productora estadounidense de música disco, pop, rock, dance y electrónica principalmente. Conocida como la ""Reina del Pop"", Madonna es considerada un icono cultural global, y su impacto es comparado al de The Beatles o Elvis Presley. Es la artista femenina más exitosa de todos los tiempos, según el Libro de Records Guinness. <a href=""https://www.last.fm/music/Madonna"">Read more on Last.fm</a>",5707724,371493131,"Kylie Minogue, Janet Jackson, Britney Spears, Dannii Minogue, Robyn"
Whitney Houston,"Whitney Elizabeth Houston (Newark, 9 de agosto de 1963 – Los Ángeles, 11 de febrero de 2012)

Fue una cantante de R&B, pop y gospel estadounidense, además de actriz, en la ciudad de Newark (NJ), Nueva Jersey. Fue una de las más populares y famosas cantantes de las décadas de 1980 y 1990, recibiendo seis premios Grammy, varios American Music Awards, Billboard Music Awards, dos Emmys, un MTV Video Music Award y un MTV Movie Award. Ha vendido, aproximadamente 130 millones de discos y más de 50 millones de sencillos. <a href=""https://www.last.fm/music/Whitney+Houston"">Read more on Last.fm</a>",3263420,63618920,"Toni Braxton, Mariah Carey, Céline Dion, Janet Jackson, Jennifer Hudson"
Tina Turner,"Tina nació en 1939 con el nombre de Anna Mae Bullock, en Nutbush, pequeña población del Estado de Tennesse conocida por el cultivo de algodón y por donde transcurre la autopista 19, renombrada como Autopista Tina Turner en honor a la cantante. En 1971, Tina escribió una canción sobre su pueblo natal: Nutbush City Limits (Los Límites de Nutbush), que ha reversionado en el año 1991 y nuevamente en 2008.

Fue descubierta en un club de San Luis en 1957 por el pianista y guitarrista Ike Turner. <a href=""https://www.last.fm/music/Tina+Turner"">Read more on Last.fm</a>",1722163,22029743,"Ike & Tina Turner, Cher, Whitney Houston, Diana Ross, Patti LaBelle"
Donna Summer,"LaDonna Andrea Gaines, (Boston, Massachusetts, Estados Unidos, 31 de diciembre de 1948 - Florida, Estados Unidos, 17 de mayo de 2012).

Fue una cantante y compositora musical afroamericana, mundialmente famosa por sus éxitos de géneros disco y pop en los años 70 y primeros 80. Entre sus canciones más recordadas se cuentan ""I Feel Love"", ""On the Radio"" y ""Last Dance"", ganadora de un premio Oscar en 1979. Dotada de una poderosa voz de mezzosoprano y llamada «Reina de la música disco» <a href=""https://www.last.fm/music/Donna+Summer"">Read more on Last.fm</a>",1645201,24858213,"Diana Ross, Janet Jackson, Kylie Minogue, Cher, Sylvester"
Cyndi Lauper,"Cynthia Ann Stephanie Lauper, más conocida como Cyndi Lauper nació en Brooklyn, Nueva York, el 22 de Junio de 1953. Hija de Fred Lauper y Catrine Dominique (que aparecen en varios de sus videos), tiene dos hermanos, Elen y Fred. Tras el divorcio de sus padres, se mudó con su madre y hermanos a Queens. A los 12 años ya componía y tocaba la guitarra.

Cindy Lauper empezó su carrera artística como cantante de un grupo de Long Island llamado Doc West. <a href=""https://www.last.fm/music/Cyndi+Lauper"">Read more on Last.fm</a>",3042711,38868049,"Laura Branigan, Cher, The Bangles, Tina Turner, Bonnie Tyler"
Kate Bush,"Kate Bush (nacida Catherine Bush el 30 de julio de 1958 en Bexleyheath, Kent, ahora parte del Gran Londres) es una cantante y compositora británica. Tiene una voz expresiva, capaz de alcanzar un rango de tres octavas, y un estilo productivo ecléctico y meticulosamente musical. Debutó en 1978 con el single Wuthering Heights, que fue número uno en las listas musicales británicas durante cuatro semanas.

Catherine Bush nació el 30 de julio de 1958 en Bexleyheath <a href=""https://www.last.fm/music/Kate+Bush"">Read more on Last.fm</a>",3495548,147523239,"Björk, Fiona Apple, Tori Amos, PJ Harvey, Joni Mitchell"
Annie Lennox,"Annie Lennox nació el 25 de diciembre de 1954 en Aberdeen, Escocia. Aficionada a la música desde la infancia, cantaba en el coro de la Iglesia. Cursó estudios de piano y flauta en la Royal Academy of Music. Siendo una adolescente, cantó en el grupo de folk ""Longdancer"".

En el año 1977 Annie Lennox conoce a David Stewart, que sería su pareja artística y sentimental. Juntos formaron el dúo Eurythmics, cuyo nombre proviene de un estilo de baile. <a href=""https://www.last.fm/music/Annie+Lennox"">Read more on Last.fm</a>",1342300,16706974,"Eurythmics, Alison Moyet, Bette Midler, Tina Turner, Texas"
Chaka Khan,"Chaka Khan, cantante de funk, urban y quiet storm desde la década de los 70 hasta nuestros días. Nació el 23 de marzo de 1953 en Great Lakes (Illinois).

Debutó en 1973 con la banda Rufus, con un album titulado igual que la banda, consiguiendo notables éxitos como grupo funk. Con la ayuda de Stevie Wonder, Rufus entró de lleno en las listas de éxito de Pop y R&B en 1974 con el tema ""Tell Me Something Good"". Durante los '70 y principios de los '80 <a href=""https://www.last.fm/music/Chaka+Khan"">Read more on Last.fm</a>",1307142,12834756,"Rufus, Phyllis Hyman, Patti LaBelle, Stephanie Mills, Patrice Rushen"
Diana Ross,"Diana Ross (Diane Ernestine Earle Ross) nació el 26 de marzo de 1944 en Detroit, Michigan). Actriz y cantante de música pop, rhythm and blues y soul. Ross es una de las artistas femeninas de más éxito de su era, tanto como solista como líder de The Supremes durante los años 1960.

En 1993, entró en el Libro Guinness de Récords como la artista femenina de mayor éxito de todos los tiempos, debido en parte a sus 18 números uno, seis de ellos en solitario. <a href=""https://www.last.fm/music/Diana+Ross"">Read more on Last.fm</a>",1893871,21055145,"Donna Summer, Diana Ross and the Supremes, The Supremes, Diana Ross & Marvin Gaye, Tina Turner"
Gloria Gaynor,"Gloria Fowles (n. Newark, Nueva Jersey, 7 de septiembre de 1943), de nombre artístico Gloria Gaynor, es una cantante de música disco y soul estadounidense. Tres de sus éxitos más conocidos son I Will Survive (1979), Never Can Say Goodbye (1974) y I Am What I Am (1983). Considerada una de las divas de la música disco de los 70 y 80.

Empieza su carrera con la banda Soul Satisfiers durante los 60. Su primer single se edita en 1965 bajo el título ""She'll Be Sorry/Let Me Go Baby"". <a href=""https://www.last.fm/music/Gloria+Gaynor"">Read more on Last.fm</a>",1597421,11672851,"The Weather Girls, Amii Stewart, Village People, The Trammps, Thelma Houston"
Pat Benatar,"Patricia Mae Andrzejewski (Brooklyn, Nueva York, Estados Unidos; 10 de enero de 1953), conocida como Pat Benatar, es una cantante de Rock de Estados Unidos, quien tuvo numerosos éxitos durante la década de 1980s, tales como ""Heartbreaker"", ""I Need A Lover"", y ""You Better Run"", el segundo vídeo que fue transmitido en MTV tras el de The Buggles' Video Killed the Radio Star.

Patricia Mae Andrzejewski nacida de una familia Polaca-Irlandesa en Brooklyn, pero creció en Lindehurst, Nueva York, inicialmente estudió ópera como su madre. <a href=""https://www.last.fm/music/Pat+Benatar"">Read more on Last.fm</a>",1461269,16059887,"Heart, Eddie Money, Loverboy, The J. Geils Band, Foreigner"
Debbie Harry," <a href=""https://www.last.fm/music/+noredirect/Debbie+Harry"">Read more on Last.fm</a>",75773,569531,
Bonnie Tyler,"Bonnie Tyler es una cantante galesa, nacida con el nombre de Gaynor Hopkins el 8 de junio de 1951 en Skewen, Neath.

Llegó al mundo en medio de una gran familia trabajadora de seis hijos; su padre trabajaba como minero mientras que su madre, una fan de la ópera, compartió su amor por la música con sus hijos. 

Cuando era adolescente, cantó con un grupo llamado Bobby Wayne And The Dixies, después del cual formó su propia banda, llamada Imagination. <a href=""https://www.last.fm/music/Bonnie+Tyler"">Read more on Last.fm</a>",2100933,21852788,"Jennifer Rush, Laura Branigan, The Bangles, Cyndi Lauper, Belinda Carlisle"
Kim Wilde,"Kim Wilde (Londres, 1960) es una cantante de pop británica que alcanzó la fama a inicios de 1980 con su éxito Kids in America, desde entonces versionada por diversos grupos y que aún sigue sonando en las radios con frecuencia.

Su carrera comenzó con un pop más cercano al punk y al new wave. Buena parte de sus canciones eran composiciones propias, en colaboración con su hermano. En los primeros 80, destaca su canción View from a bridge ('Vista desde un puente'), que mezcla romance e intriga como un cómic de detectives. <a href=""https://www.last.fm/music/Kim+Wilde"">Read more on Last.fm</a>",1094492,11015106,"Bananarama, Samantha Fox, Belinda Carlisle, Five Star, Sandra"
Belinda Carlisle,"Dada a conocer en la banda de los 80 The Go-go's, precursora de The Bangles, Belinda dio el campanazo con su gran exito en solitario Heaven's a Place on Earth. Desgraciadamente, y a pesar de su calidad como cantante y de los temas editados (La Luna, Circle in the Sand, Leave a Light on Me, Mad About You,etc..) su productora no supo rentabilizar su carrera, y eso que la critica la comparaba como competidora de la propia Madonna, y con una mala campaña de marketing Belinda quedò relegada a ser conocida por un reducido publico. <a href=""https://www.last.fm/music/Belinda+Carlisle"">Read more on Last.fm</a>",1236202,13498400,"Bananarama, Kim Wilde, Debbie Gibson, The Bangles, Laura Branigan"
Anita Baker,"Anita Baker (Toledo, Ohio, 26 de enero de 1958), cantante estadounidense de soul. Influida por el rhythm and blues, el jazz, el gospel y el pop tradicional, Baker, poseedora de una voz propia de una alto, es una cantante especializada en un soul adulto y romántico.

Aunque nacida en Toledo, creció como persona y musicalmente en Detroit, donde aprendió a cantar escuchando, entre otras, a cantantes de jazz como Sarah Vaughan, Nancy Wilson y Ella Fitzgerald. <a href=""https://www.last.fm/music/Anita+Baker"">Read more on Last.fm</a>",555647,5847603,"Phyllis Hyman, Miki Howard, Freddie Jackson, Chanté Moore, Luther Vandross"
Patti LaBelle,"Patti LaBelle nació en Filadelfia, el 24 de Mayo de 1944, con el nombre de Patricia Holt. Creció cantando en el coro de una iglesia local hasta que, con 16 años, formó el grupo The Ordettes, junto a su amiga Cindy Birdsong. Un año depués, el grupo se llamó The Blue Belles, sumó a las vocalistas Nona Hendryx y Sarah Dash y, con la producción de Bobby Martin, colocó el tema 'I sold my heart to the junkman' en el Top 20 de R&B. En 1965, renombrado como Patti LaBelle & The Bluebelles y reconvertido en trío <a href=""https://www.last.fm/music/Patti+LaBelle"">Read more on Last.fm</a>",452412,3409392,"Stephanie Mills, Phyllis Hyman, Anita Baker, Luther Vandross, Deniece Williams"
Dolly Parton,"Dolly Rebecca Parton (19 de enero de 1946, Sevierville, Tennessee) es una cantante country, compositora y actriz estadounidense.

Nacida en una familia pobre, comenzó a cantar de niña en la radio local. A los doce años actuó cantando frente a las cámaras de televisión en diversos anuncios y al acabar la secundaria se mudó a Nashville donde comenzó su carrera profesional.

Desde 1967 hasta 1974 formó parte del programa del cantante Porter Wagoner. <a href=""https://www.last.fm/music/Dolly+Parton"">Read more on Last.fm</a>",2300763,37261905,"Porter Wagoner & Dolly Parton, Reba McEntire, Loretta Lynn, Tammy Wynette, Dolly Parton, Linda Ronstadt & Emmylou Harris"
Emmylou Harris,"Pocos artistas han dejado un impacto tan profundo en la música contemporánea como Emmylou Harris. Bendecida con una voz cristalina, un incansable espíritu creativo y un gran talento musical, su trayectoria ha marcado una senda singular, llevando con orgullo la antorcha de la música Americana, recogiendo así el relevo de su mentor, Gram Parsons. Con la única excepción de Neil Young, ninguna otra estrella ha establecido una obra musical tan consistentemente iconoclasta, ecléctica o atrevida. <a href=""https://www.last.fm/music/Emmylou+Harris"">Read more on Last.fm</a>",628161,9447730,"Dolly Parton, Linda Ronstadt & Emmylou Harris, Gram Parsons, Rosanne Cash, Willie Nelson, Nanci Griffith"
Linda Ronstadt,"Linda Susan Marie Ronstadt (nacida el 15 de julio de 1946 en Tucson, Arizona) de un padre con ascendencia alemana, mexicana e inglesa y una madre holandesa descendiente de judíos ingleses. Su bisabuelo Frederick Augustus Ronstadt fue un inmigrante alemán de Hanover que se casó con una dama méxico-estadounidense, con la cual tuvo varios hijos. Es una cantante estadounidense, asociada al género country rock dominante en los 70's y, aunque ocasionalmente compone algunas canciones <a href=""https://www.last.fm/music/Linda+Ronstadt"">Read more on Last.fm</a>",684945,8697932,"The Stone Poneys, Dolly Parton, Linda Ronstadt & Emmylou Harris, Emmylou Harris, Bonnie Raitt, Karla Bonoff"
Joan Armatrading,"Joan Anita Barbara Armatrading, MBE (nacida el  9 Diciembre  de 1950) es una cantante Britanica, escritora y guitarrista. Tres veces nominada a los premios Grammy y ha sido nominada 2 veces a los BRIT awards como Mejor Artista femenina. Tambien recibio un premio Ivor Novello por Coleccion de Canciones Contemporaneas Relevantes.
La musica de Armatrading es considerada ser mayormente pop con influencias de rock, folk, jazz, blues, soul e inclusó reggae. <a href=""https://www.last.fm/music/Joan+Armatrading"">Read more on Last.fm</a>",388270,3978977,"Rickie Lee Jones, Van Morrison, k.d. lang, Shawn Colvin, Tanita Tikaram"
Nina Simone,"Eunice Kathleen Waymon (Tryon, 21 de febrero de 1933 - Carry-le-Rouet, 21 de abril de 2003), Nina Simone, cantante, compositora y pianista estadounidense de jazz, blues, rhythm and blues y soul. Se la conoce con el sobrenombre de ""High Priestess of Soul"".

Estilísticamente, la palabra que mejor caracteriza a Nina Simone es eclecticismo. Su voz se caracteriza por su pasión, su breathiness (voz jadeante, sofocada, sin aliento) y su trémolo.

La influencia de Duke Ellington es patente en toda la obra de Nina <a href=""https://www.last.fm/music/Nina+Simone"">Read more on Last.fm</a>",2995908,75195380,"Billie Holiday, Aretha Franklin, Etta James, Sarah Vaughan, Dinah Washington"
Sarah Vaughan,"Sarah Lois Vaughan (Newark, 27 de marzo de 1924 – Los Ángeles, 3 de abril de 1990), Sarah Vaughan (pronunciado Vo:n), apodada Sassy y La Divina, cantante estadounidense de jazz. Junto con Billie Holiday y Ella Fitzgerald, está considerada por muchos como la más importante e influyente voz femenina del jazz, aunque su magisterio se extiende a toda el área de la música popular.

La voz de Vaughan se caracteriza por su tonalidad grave, por su enorme versatilidad y por su control del vibrato; su tesitura <a href=""https://www.last.fm/music/Sarah+Vaughan"">Read more on Last.fm</a>",1192065,12578060,"Dinah Washington, Ella Fitzgerald, Etta Jones, Carmen McRae, Billie Holiday"
Cassandra Wilson,"Cassandra Wilson (Jackson, 4 de diciembre de 1955), cantante estadounidense de jazz que se convirtió en una de las primeras voces del jazz femenino en los años noventa. Su estilo es la fusión.

Empezó a tocar el piano y la guitarra a los nueve años y trabajó como vocalista a mediados de los setenta, interpretando una amplia gama de material. Tras un año en Nueva Orleans, Wilson se trasladó a Nueva York en 1982 y empezó a trabajar con Dave Holland y Abbey Lincoln. <a href=""https://www.last.fm/music/Cassandra+Wilson"">Read more on Last.fm</a>",467438,4251699,"Patricia Barber, Holly Cole, Jane Monheit, Melody Gardot, Diana Krall"
Mercedes Sosa,"Mercedes Sosa (San Miguel de Tucumán, 9 de julio de 1935 - Buenos Aires, 4 de octubre de 2009), fue una cantante argentina muy reconocida en América Latina y Europa. Considerada la ""voz de América Latina""; con sus raíces en la música folclórica argentina, se convirtió en una de las exponentes principales de la nueva canción, incursionando en géneros como el tango, el rock, el pop, etc. En palabras de su compatriota Fito Páez: ""Mercedes Sosa es la mejor cantante que ha dado este país"". <a href=""https://www.last.fm/music/Mercedes+Sosa"">Read more on Last.fm</a>",270728,4738518,"Atahualpa Yupanqui, Violeta Parra, Pedro Aznar, Facundo Cabral, Los Chalchaleros"
Rocío Dúrcal,"María de los Ángeles de Las Heras Ortiz (n. Madrid, 4 de octubre de 1944 - † Torrelodones, Madrid, 25 de marzo de 2006), mejor conocida como Rocío Dúrcal, fue una famosa actriz y cantante española.

Su inicio en el cine, después de unas pruebas fotogénicas, se dio con la película Canción de Juventud del director Luis Lucia Mingarro, cuya historia, escrita con ella en mente, retrataba a una adolescente con su misma personalidad. La película obtuvo enorme éxito de taquilla y de la crítica especializada. <a href=""https://www.last.fm/music/+noredirect/Roc%C3%ADo+D%C3%BArcal"">Read more on Last.fm</a>",334429,5208574,"Marisela, Ana Gabriel, Isabel Pantoja, Emmanuel, Marco Antonio Solís"
Ana Gabriel,"María Guadalupe Araujo Yong, que es su verdadero nombre, nació en Guamúchil, Sinaloa, México, un 10 de diciembre, de la pareja formada por don Ramón Araujo Valenzuela y doña Isabel Yong; una de las más importantes y triunfadoras de la música en México. La exitosa carrera de Ana Gabriel la ha hecho merecedora de muchos reconocimientos; entre ellos, más de 10 Premios 'Lo Nuestro', 'Billboard', discos de diamante, platino, oro y bronce. Pero <a href=""https://www.last.fm/music/Ana+Gabriel"">Read more on Last.fm</a>",289213,3837343,"Marisela, Rocío Dúrcal, Daniela Romo, Marco Antonio Solís, Alejandra Guzmán"
Suzanne Vega,"Suzanne Vega, cantante y compositora, nació el 11 de julio de 1959 en Santa Mónica, Los Ángeles, California.

A los dos años de edad, se trasladó con su familia a Nueva York. Se crió en el barrio hispano de Harlem; a los nueve años escribió su primer poema y con catorce empezó a componer canciones. Cursó estudios de danza contemporánea y frecuentó los clubes de Greenwich Village mientras asistía a clases de literatura en la escuela de arte Barnard College. <a href=""https://www.last.fm/music/Suzanne+Vega"">Read more on Last.fm</a>",1292240,17329702,"Tori Amos, Aimee Mann, Tanita Tikaram, Shawn Colvin, Heather Nova"
Siouxsie Sioux,"Si estás leyendo esto al escuchar tu música, las ID3 tags de tu mp3 están mal asignadas.

Puedes revisar tus tags con http://musicbrainz.org <a href=""https://www.last.fm/music/+noredirect/Siouxsie+Sioux"">Read more on Last.fm</a>",11787,202403,
Alison Moyet,"Genevieve Alison Jane Moyet nació el 18 de junio del año 1961) en Billericay, Essex, Inglaterra. Su padre es francés y su madre, inglesa. Creció en Basildon, donde fue al colegio hasta los 16 años.

Es cantante de pop, rock y blues. Aunque participó en bandas de rock y blues desde finales de la década de 1970, se hizo famosa como cantante de pop al formar el duo Yazoo en 1981, junto a Vince Clarke.

En 1983 decidieron disolver Yazoo. Vince Clarke pasó a formar parte del grupo Erasure y Alison Moyet comenzó su carrera de solista. <a href=""https://www.last.fm/music/Alison+Moyet"">Read more on Last.fm</a>",397643,4030290,"Yazoo, Bananarama, T'Pau, Kim Wilde, Paul Young"
